GROUP,PACKAGE,CLASS,INSTRUCTION_MISSED,INSTRUCTION_COVERED,BRANCH_MISSED,BRANCH_COVERED,LINE_MISSED,LINE_COVERED,COMPLEXITY_MISSED,COMPLEXITY_COVERED,METHOD_MISSED,METHOD_COVERED
hw2-problem1,edu.postech.csed332.homework2.parser,BooleanExpParser.ParenExpContext,36,14,5,1,8,2,8,2,5,2
hw2-problem1,edu.postech.csed332.homework2.parser,BooleanExpLexer,16,233,0,8,8,27,8,9,8,5
hw2-problem1,edu.postech.csed332.homework2.parser,BooleanExpParser,78,526,14,25,17,108,18,19,6,9
hw2-problem1,edu.postech.csed332.homework2.parser,BooleanExpParser.UnaryExpContext,31,14,5,1,7,2,7,2,4,2
hw2-problem1,edu.postech.csed332.homework2.parser,BooleanExpBaseListener,17,0,0,0,15,0,15,0,15,0
hw2-problem1,edu.postech.csed332.homework2.parser,BooleanExpParser.VariableContext,25,14,5,1,6,2,6,2,3,2
hw2-problem1,edu.postech.csed332.homework2.parser,BooleanExpParser.ExpressionContext,2,12,0,0,1,5,1,3,1,3
hw2-problem1,edu.postech.csed332.homework2.parser,BooleanExpParser.BinaryExpContext,40,14,5,1,9,2,9,2,6,2
hw2-problem1,edu.postech.csed332.homework2.parser,BooleanExpBaseVisitor,20,3,0,0,5,1,5,1,5,1
hw2-problem1,edu.postech.csed332.homework2.parser,BooleanExpParser.ConstantContext,30,14,5,1,7,2,7,2,4,2
hw2-problem1,edu.postech.csed332.homework2,Constant,0,18,0,0,0,5,0,5,0,5
hw2-problem1,edu.postech.csed332.homework2,Negation,0,129,0,12,0,18,0,11,0,5
hw2-problem1,edu.postech.csed332.homework2,Variable,0,31,0,2,0,8,0,6,0,5
hw2-problem1,edu.postech.csed332.homework2,Disjunction,10,152,4,20,3,30,3,15,0,6
hw2-problem1,edu.postech.csed332.homework2,ExpParser.new BaseErrorListener() {...},0,11,0,0,0,2,0,2,0,2
hw2-problem1,edu.postech.csed332.homework2,ExpParser.new BooleanExpBaseVisitor() {...},4,85,1,2,1,8,1,7,0,6
hw2-problem1,edu.postech.csed332.homework2,ExpParser,3,32,0,0,1,7,1,2,1,2
hw2-problem1,edu.postech.csed332.homework2,Conjunction,10,171,3,25,2,34,3,17,0,6
